{
    "parent": "item/generated",
    "textures": {
    "layer0": "item/totem_of_undying"
    },
    
    "overrides": [
    {"predicate": {"custom_model_data":100}, "model": "item/totems/totem_of_undying_0"},
    {"predicate": {"custom_model_data":101}, "model": "item/totems/totem_of_undying_1"},
    {"predicate": {"custom_model_data":102}, "model": "item/totems/totem_of_undying_2"},
    {"predicate": {"custom_model_data":103}, "model": "item/totems/totem_of_undying_3"},
    {"predicate": {"custom_model_data":104}, "model": "item/totems/totem_of_undying_4"}
    ]
   }